{"cameraMode":{"drawMode":0,"name":"Shaded","section":"Shading Mode"},"sceneLighting":true,"audioPlay":false,"sceneViewState":{"m_AlwaysRefresh":false,"showFog":true,"showSkybox":true,"showFlares":true,"showImageEffects":true,"showParticleSystems":true,"showVisualEffectGraphs":true,"m_FxEnabled":true},"in2DMode":false,"pivot":{"x":-1.1792569160461426,"y":1.3489047288894654,"z":-0.7162174582481384},"rotation":{"x":0.23467609286308289,"y":0.05795559287071228,"z":-0.014102770015597344,"w":0.9702821969985962},"size":1.646043300628662,"orthographic":false}