{"cameraMode":{"drawMode":0,"name":"Shaded","section":"Shading Mode"},"sceneLighting":true,"audioPlay":false,"sceneViewState":{"m_AlwaysRefresh":false,"showFog":true,"showSkybox":true,"showFlares":true,"showImageEffects":true,"showParticleSystems":true,"showVisualEffectGraphs":true,"m_FxEnabled":true},"in2DMode":false,"pivot":{"x":2.725843667984009,"y":-10.500508308410645,"z":22.207780838012697},"rotation":{"x":0.25199154019355776,"y":0.06411633640527725,"z":-0.016729159280657769,"w":0.9654638171195984},"size":14.593685150146485,"orthographic":false}