{"cameraMode":{"drawMode":0,"name":"Shaded","section":"Shading Mode"},"sceneLighting":true,"audioPlay":false,"sceneViewState":{"m_AlwaysRefresh":false,"showFog":true,"showSkybox":true,"showFlares":true,"showImageEffects":true,"showParticleSystems":true,"showVisualEffectGraphs":true,"m_FxEnabled":true},"in2DMode":false,"pivot":{"x":-0.5579948425292969,"y":1.4289847612380982,"z":0.06928130239248276},"rotation":{"x":0.1882847100496292,"y":0.5160242319107056,"z":-0.11753062903881073,"w":0.8273645639419556},"size":1.646043300628662,"orthographic":false}