{"cameraMode":{"drawMode":0,"name":"Shaded","section":"Shading Mode"},"sceneLighting":false,"audioPlay":false,"sceneViewState":{"m_AlwaysRefresh":false,"showFog":true,"showSkybox":false,"showFlares":true,"showImageEffects":true,"showParticleSystems":true,"showVisualEffectGraphs":true,"m_FxEnabled":true},"in2DMode":false,"pivot":{"x":0.5793447494506836,"y":1.0771174430847169,"z":1.8766950368881226},"rotation":{"x":0.21110932528972627,"y":-0.6629951000213623,"z":0.20311835408210755,"w":0.6889597177505493},"size":0.1767766922712326,"orthographic":false}